{"kind":"regular","createdUtc":"20260212-005743820","installId":"b5572a28-eb9a-40b8-9d3b-b0f8506af437","appId":"com.negi.surveys","build":"v0.0.1(1) type=debug dbg=true sha=25ed3438 dirty=true time=2026-02-12T00:57:29.066419Z","pid":8819,"sdk":36,"release":"16","device":"Google/Pixel 9a","fingerprint":"google/tegu/tegu:16/BP4A.260105.004.E1/14587043:user/release-keys","abis":"arm64-v8a","limits":{"maxTotalBytes":26214400,"selectedTotalBytes":52556},"counts":{"app":1,"crash":0},"bytes":{"app":52556,"crash":0},"reason":"manual:review","paths":{"appDir":"/data/user/0/com.negi.surveys/files/logs/app","crashPendingDir":"/data/user/0/com.negi.surveys/files/logs/crash/pending"},"files":{"app":[{"name":"app.log","bytes":52556,"lastModifiedMs":1770857855387}],"crash":[]}}