{"kind":"crash","createdUtc":"20260212-003502257","installId":"b5572a28-eb9a-40b8-9d3b-b0f8506af437","appId":"com.negi.surveys","build":"v0.0.1(1) type=debug dbg=true sha=25ed3438 dirty=true time=2026-02-12T00:34:57.329008Z","pid":6811,"sdk":36,"release":"16","device":"Google/Pixel 9a","fingerprint":"google/tegu/tegu:16/BP4A.260105.004.E1/14587043:user/release-keys","abis":"arm64-v8a","limits":{"maxTotalBytes":26214400,"selectedTotalBytes":51072},"counts":{"app":1,"crash":1},"bytes":{"app":46078,"crash":4994},"reason":"auto:pending_crash","paths":{"appDir":"/data/user/0/com.negi.surveys/files/logs/app","crashPendingDir":"/data/user/0/com.negi.surveys/files/logs/crash/pending"},"files":{"app":[{"name":"app.log","bytes":46078,"lastModifiedMs":1770856502251}],"crash":[{"name":"crash-20260212-003445384-6579.txt","bytes":4994,"lastModifiedMs":1770856485383}]}}