{"kind":"regular","createdUtc":"20260212-003407767","installId":"b5572a28-eb9a-40b8-9d3b-b0f8506af437","appId":"com.negi.surveys","build":"v0.0.1(1) type=debug dbg=true sha=25ed3438 dirty=true time=2026-02-12T00:33:23.667856Z","pid":6579,"sdk":36,"release":"16","device":"Google/Pixel 9a","fingerprint":"google/tegu/tegu:16/BP4A.260105.004.E1/14587043:user/release-keys","abis":"arm64-v8a","limits":{"maxTotalBytes":26214400,"selectedTotalBytes":44269},"counts":{"app":1,"crash":0},"bytes":{"app":44269,"crash":0},"reason":"manual:review","paths":{"appDir":"/data/user/0/com.negi.surveys/files/logs/app","crashPendingDir":"/data/user/0/com.negi.surveys/files/logs/crash/pending"},"files":{"app":[{"name":"app.log","bytes":44269,"lastModifiedMs":1770856410375}],"crash":[]}}