{"kind":"regular","createdUtc":"20260211-194737811","installId":"b5572a28-eb9a-40b8-9d3b-b0f8506af437","appId":"com.negi.surveys","build":"v0.0.1(1) type=debug dbg=true sha=d73d6b62 dirty=true time=2026-02-11T18:40:01.447120Z","pid":16526,"sdk":36,"release":"16","device":"Google/Pixel 9a","fingerprint":"google/tegu/tegu:16/BP4A.260105.004.E1/14587043:user/release-keys","abis":"arm64-v8a","limits":{"maxTotalBytes":26214400,"selectedTotalBytes":25049},"counts":{"app":1,"crash":0},"bytes":{"app":25049,"crash":0},"reason":"manual:review","paths":{"appDir":"/data/user/0/com.negi.surveys/files/logs/app","crashPendingDir":"/data/user/0/com.negi.surveys/files/logs/crash/pending"},"files":{"app":[{"name":"app.log","bytes":25049,"lastModifiedMs":1770839202819}],"crash":[]}}