{"kind":"crash","createdUtc":"20260211-234158624","installId":"b5572a28-eb9a-40b8-9d3b-b0f8506af437","appId":"com.negi.surveys","build":"v0.0.1(1) type=debug dbg=true sha=25ed3438 dirty=true time=2026-02-11T23:41:53.512001Z","pid":32584,"sdk":36,"release":"16","device":"Google/Pixel 9a","fingerprint":"google/tegu/tegu:16/BP4A.260105.004.E1/14587043:user/release-keys","abis":"arm64-v8a","limits":{"maxTotalBytes":26214400,"selectedTotalBytes":34986},"counts":{"app":1,"crash":1},"bytes":{"app":29991,"crash":4995},"reason":"auto:pending_crash","paths":{"appDir":"/data/user/0/com.negi.surveys/files/logs/app","crashPendingDir":"/data/user/0/com.negi.surveys/files/logs/crash/pending"},"files":{"app":[{"name":"app.log","bytes":29991,"lastModifiedMs":1770853318603}],"crash":[{"name":"crash-20260211-234113708-32236.txt","bytes":4995,"lastModifiedMs":1770853273707}]}}