{"kind":"crash","createdUtc":"20260211-174742218","installId":"b5572a28-eb9a-40b8-9d3b-b0f8506af437","appId":"com.negi.surveys","build":"v0.0.1(1) type=debug dbg=true sha=d73d6b62 dirty=true time=2026-02-11T17:47:32.858809Z","pid":14136,"sdk":36,"release":"16","device":"Google/Pixel 9a","fingerprint":"google/tegu/tegu:16/BP4A.260105.004.E1/14587043:user/release-keys","abis":"arm64-v8a","limits":{"maxTotalBytes":26214400,"selectedTotalBytes":14997},"counts":{"app":1,"crash":1},"bytes":{"app":13409,"crash":1588},"reason":"auto:pending_crash","paths":{"appDir":"/data/user/0/com.negi.surveys/files/logs/app","crashPendingDir":"/data/user/0/com.negi.surveys/files/logs/crash/pending"},"files":{"app":[{"name":"app.log","bytes":13409,"lastModifiedMs":1770832062191}],"crash":[{"name":"crash-20260211-023610089-13366.txt","bytes":1588,"lastModifiedMs":1770777370090}]}}